{"cameraMode":{"drawMode":0,"name":"Shaded","section":"Shading Mode"},"sceneLighting":true,"audioPlay":false,"sceneViewState":{"showFog":false,"showMaterialUpdate":false,"showSkybox":true,"showFlares":false,"showImageEffects":false,"showParticleSystems":false},"in2DMode":false,"pivot":{"x":-0.06994638592004776,"y":-4.350295066833496,"z":16.311412811279298},"rotation":{"x":-0.1675175428390503,"y":-0.002367157954722643,"z":0.0004041521460749209,"w":-0.9858792424201965},"size":19.365755081176759,"orthographic":false}